"id";"title";"year";"rating";"votes"
"tt2312036";"East Los High";"2013";"7,4";"562"
"tt2879552";"11.22.63";"2016";"8,3";"46353"
"tt4789576";"The Path";"2016";"7,5";"5560"
"tt5620076";"Chance";"2016";"7,7";"4559"
"tt5520392";"Shut Eye";"2016";"7,4";"1838"
"tt5761478";"Harlots";"2017";"7,6";"1425"
"tt5798078";"Dimension 404";"2017";"6,5";"884"
"tt5834204";"The Handmaid's Tale";"2017";"8,7";"13510"
"tt2188577";"Up to Speed";"2012";"7,6";"79"
"tt2883562";"Quick Draw";"2013";"7,8";"1090"
"tt2818496";"The Awesomes";"2013";"7,4";"985"
"tt3107224";"Mother Up!";"2013";"5,4";"304"
"tt3147316";"Deadbeat";"2014";"7,6";"3426"
"tt2269658";"Doozers";"2012";"6,6";"26"
"tt3453512";"The Hotwives of Orlando";"2014";"7,5";"593"
"tt4633166";"The Hotwives of Las Vegas";"2015";"6,2";"273"
"tt4550280";"Resident Advisors";"2015";"7,0";"608"
"tt4577466";"Casual";"2015";"7,6";"4636"
"tt4676574";"Difficult People";"2015";"6,7";"1986"
"tt5788812";"Crow's Blood";"2016";"N/A";"N/A"
"tt5875646";"Freakish";"2016";"6,5";"787"
"tt1856010";"House of Cards";"2013";"9,0";"361450"
"tt2309295";"Hemlock Grove";"2013";"7,2";"29928"
"tt2189461";"Marco Polo";"2014";"8,1";"46946"
"tt3520702";"Bloodline";"2015";"8,2";"31928"
"tt2431438";NA;NA;NA;NA
"tt2707408";"Narcos";"2015";"8,9";"189481"
"tt4574334";"Stranger Things";"2016";"8,9";"312813"
"tt4592410";"The Get Down";"2016";"8,4";"16483"
"tt4786824";"The Crown";"2016";"8,8";"35943"
"tt4635282";"The OA";"2016";"7,8";"43869"
"tt4834206";"A Series of Unfortunate Events";"2017";"7,9";"26522"
"tt1837492";"13 Reasons Why";"2017";"8,6";"108953"
"tt3322312";"Daredevil";"2015";"8,7";"257159"
"tt2357547";"Jessica Jones";"2015";"8,2";"125568"
"tt3322314";"Luke Cage";"2016";"7,7";"64142"
"tt3322310";"Iron Fist";"2017";"7,1";"53332"
"tt4230076";"The Defenders";"2017";"N/A";"N/A"
"tt3339966";"Unbreakable Kimmy Schmidt";"2015";"7,9";"40632"
"tt3609352";"Grace and Frankie";"2015";"8,2";"16514"
"tt4635276";"Master of None";"2015";"8,3";"39768"
"tt4574708";"W/ Bob and David";"2015";"7,6";"2578"
"tt4061080";"Love";"2016";"7,8";"20175"
"tt3986586";"Fuller House";"2016";"7,1";"16036"
"tt4973548";"Flaked";"2016";"7,3";"7154"
"tt5228026";"The Characters";"2016";"5,3";"381"
"tt4998212";"The Ranch";"2016";"7,6";"14417"
"tt4789300";"Lady Dynamite";"2016";"7,6";"2002"
"tt5562056";"Easy";"2016";"6,8";"3890"
"tt5467814";"Haters Back Off!";"2016";"6,2";"4178"
"tt5339440";"One Day at a Time";"2017";"8,1";"2870"
"tt5580540";"Santa Clarita Diet";"2017";"7,7";"18183"
"tt6782014";"Mystery Science Theater 3000: The Return";"2017";"8,5";"1205"
"tt5706996";"Girlboss";"2017";"7,2";"6427"
"tt5707802";"Dear White People";"2017";"6,4";"9530"
"tt5770786";"GLOW";"2017";"N/A";"N/A"
"tt0243655";"Wet Hot American Summer";"2001";"6,7";"43253"
"tt5937754";"Trailer Park Boys: Out of the Park";"2016";"7,2";"434"
"tt5435008";"Gilmore Girls: A Year in the Life";"2016";"8,0";"16394"
"tt3398228";"BoJack Horseman";"2014";"8,4";"35611"
"tt4326894";"F is for Family";"2015";"8,0";"11156"
"tt4160920";"Richie Rich";"2015";"4,0";"458"
"tt4861760";"Project Mc²";"2015";"5,9";"331"
"tt5779222";"Julie's Greenroom";"2017";"8,7";"155"
"tt6928052";"Free Rein";"2017";"7,8";"66"
"tt4680240";"Club de Cuervos";"2015";"8,1";"2471"
"tt4003966";"Marseille";"2016";"6,9";"2423"
"tt5301958";"Hibana: Spark";"2016";"8,1";"214"
"tt6150576";"Midnight Diner: Tokyo Stories";"2016";"8,4";"752"
"tt4922804";"3%";"2016";"7,6";"9069"
"tt6304676";NA;NA;NA;NA
"tt6495756";"Ingobernable";"2017";"7,3";"964"
"tt5674718";"Cable Girls";"2017";"7,6";"1696"
"tt6125832";"My Only Love Song";"2017";"N/A";"N/A"
"tt1958961";"Lilyhammer";"2012";"8,1";"20582"
"tt4132692";"Between";"2015";"6,0";"5673"
"tt6588218";"Terrace House: Aloha State";"2016";"8,3";"35"
"tt4790548";"Underwear";"2015";"7,8";"323"
"tt5320160";"Degrassi: Next Class";"2016";"7,1";"1054"
"tt5023972";"Lost & Found Music Studios";"2015";"6,9";"318"
"tt5520732";"Good Morning Call";"2016";"8,2";"910"
"tt4716268";"Beat Bugs";"2016";"8,6";"208"
"tt6015820";"Bottersnikes & Gumbles";"2016";"6,6";"13"
"tt6312916";"Kazoops!";"2016";"9,1";"22"
"tt4790546";"Terrace House";"2015";"N/A";"N/A"
"tt5839454";"Paranoid";"2016";"6,8";"2348"
"tt4047038";"Dirk Gently's Holistic Detective Agency";"2016";"8,4";"15113"
"tt6038584";"Crazyhead";"2016";"7,4";"2293"
"tt4686698";"Frontier";"2016";"7,2";"4650"
"tt5421602";"Anne";"2017";"8,3";"756"
"tt6692188";"El Chapo";"2017";"8,1";"103"
"tt0944947";"Game of Thrones";"2011";"9,5";"1160013"
"tt0475784";"Westworld";"2016";"9,0";"184810"
"tt0264235";"Curb Your Enthusiasm";"2000";"8,7";"71809"
"tt0434672";"The Comeback";"2005";"8,1";"4963"
"tt1759761";"Veep";"2012";"8,2";"29147"
"tt2575988";"Silicon Valley";"2014";"8,6";"75491"
"tt2891574";"Ballers";"2015";"7,6";"22398"
"tt3766376";"Vice Principals";"2016";"7,9";"9896"
"tt6078096";"High Maintenance";"2016";"7,8";"1561"
"tt4304864";"Divorce";"2016";"6,7";"3191"
"tt5024912";"Insecure";"2016";"7,6";"3780"
"tt5295524";"Crashing";"2016";"7,8";"2809"
"tt2356777";"True Detective";"2014";"9,1";"360258"
"tt4953128";"Animals.";"2016";"7,2";"2015"
"tt1553644";"The Ricky Gervais Show";"2010";"8,2";"13266"
"tt0415306";"Talladega Nights: The Ballad of Ricky Bobby";"2006";"6,6";"138283"
"tt0389571";"Animated Tales of the World";"2000";"8,0";"45"
"tt0356302";"Stuart Little";"2003";"4,9";"198"
"tt1596589";"Angry Boys";"2011";"7,8";"3546"
"tt1043815";"Best Ed";"2008";"6,4";"56"
"tt1255913";"Bored to Death";"2009";"7,9";"28710"
"tt0866442";"Eastbound & Down";"2009";"8,3";"43787"
"tt1509004";"Enlightened";"2011";"7,5";"5701"
"tt0387199";"Entourage";"2004";"8,5";"141747"
"tt0445114";"Extras";"2005";"8,4";"43460"
"tt2340036";"Family Tree";"2013";"7,4";"2711"
"tt0863046";"Flight of the Conchords";"2007";"8,6";"45258"
"tt2342652";"Getting On";"2013";"7,7";"2441"
"tt1723816";"Girls";"2012";"7,3";"55420"
"tt2378794";"Hello Ladies";"2013";"7,5";"9799"
"tt1299365";"How to Make It in America";"2010";"8,0";"13636"
"tt1229413";"Hung";"2009";"7,2";"18917"
"tt3173854";"Ja'mie: Private School Girl";"2013";"7,3";"2880"
"tt3431720";"Jonah from Tonga";"2014";"7,2";"1350"
"tt1641247";"Life's Too Short";"2011";"7,5";"11742"
"tt2581458";"Looking";"2014";"8,2";"12365"
"tt0460619";"Lucky Louie";"2006";"8,0";"8401"
"tt0934320";"Summer Heights High";"2007";"8,5";"12271"
"tt2165141";"The Boring Life of Jacqueline";"2012";"7,8";"49"
"tt3216586";"The Brink";"2015";"7,8";"11066"
"tt0275520";"The Mind of the Married Man";"2001";"7,4";"636"
"tt1356380";"The No. 1 Ladies' Detective Agency";"2008";"8,3";"2569"
"tt1666727";"The Neistat Brothers";"2010";"8,0";"223"
"tt3061830";"Togetherness";"2015";"7,5";"6346"
"tt0413616";"Unscripted";"2005";"7,3";"354"
"tt0421030";"Big Love";"2006";"7,6";"18123"
"tt0979432";"Boardwalk Empire";"2010";"8,6";"144703"
"tt0319969";"Carnivàle";"2003";"8,5";"35965"
"tt0835434";"In Treatment";"2008";"8,3";"13457"
"tt0814164";"John from Cincinnati";"2007";"7,2";"4354"
"tt0364822";"K Street";"2003";"6,5";"217"
"tt1578887";"Luck";"2011";"7,6";"4761"
"tt0384766";"Rome";"2005";"8,8";"123100"
"tt0248654";"Six Feet Under";"2001";"8,7";"97675"
"tt0809497";"Tell Me You Love Me";"2007";"7,5";"2912"
"tt2699128";"The Leftovers";"2014";"8,2";"47380"
"tt1870479";"The Newsroom";"2012";"8,6";"86017"
"tt0306414";"The Wire";"2002";"9,3";"208731"
"tt1279972";"Treme";"2010";"8,2";"11538"
"tt0844441";"True Blood";"2008";"7,9";"208743"
"tt3186130";"Vinyl";"2016";"7,9";"16483"
"tt3920596";"Big Little Lies";"2017";"8,7";"31849"
"tt3655448";"The Young Pope";"2016";"8,4";"18077"
"tt2401256";"The Night Of";"2016";"8,6";"68830"
"tt2492296";"Show Me a Hero";"2015";"8,2";"6941"
"tt2554946";"The Casual Vacancy";"2015";"6,6";"2340"
"tt3012698";"Olive Kitteridge";"2014";"8,4";"11928"
"tt1956017";"Parade's End";"2012";"7,7";"7199"
"tt1492030";"Mildred Pierce";"2011";"7,7";"15138"
"tt0374463";"The Pacific";"2010";"8,3";"74969"
"tt0995832";"Generation Kill";"2008";"8,6";"37194"
"tt0936453";"House of Saddam";"2008";"7,6";"3035"
"tt0472027";"John Adams";"2008";"8,6";"21644"
"tt0840094";"Five Days";"2007";"6,8";"1683"
"tt0376591";"Empire Falls";"2005";"7,4";"4564"
"tt6865750";"Elizabeth I";"2017";"7,5";"37"
"tt0318997";"Angels in America";"2003";"8,3";"22684"
"tt0185906";"Band of Brothers";"2001";"9,5";"259750"
"tt0224853";"The Corner";"2000";"8,7";"3694"
"tt1520211";"The Walking Dead";"2010";"8,5";"697591"
"tt2543328";"TURN: Washington's Spies";"2014";"8,0";"14446"
"tt2543312";"Halt and Catch Fire";"2014";"8,3";"18395"
"tt3032476";"Better Call Saul";"2015";"8,7";"186777"
"tt3743822";"Fear the Walking Dead";"2015";"7,1";"75660"
"tt3865236";"Into the Badlands";"2015";"8,1";"23868"
"tt5016504";"Preacher";"2016";"8,1";"35198"
"tt3839822";"The Son";"2017";"7,5";"1891"
"tt0482857";"Broken Trail";"2006";"7,8";"4916"
"tt1043714";"The Prisoner";"2009";"6,3";"6434"
"tt1399664";"The Night Manager";"2016";"8,2";"43967"
"tt0804503";"Mad Men";"2007";"8,6";"154028"
"tt1389371";"Rubicon";"2010";"7,9";"9316"
"tt1699748";"Hell on Wheels";"2011";"8,3";"40887"
"tt2314792";"Low Winter Sun";"2013";"7,1";"5038"
"tt5363766";"Feed the Beast";"2016";"6,8";"2416"
"tt1637727";"The Killing";"2011";"8,2";"75036"
"tt0903747";"Breaking Bad";"2008";"9,5";"992636"
"tt1561755";"Bob's Burgers";"2011";"8,1";"44099"
"tt3749900";"Gotham";"2014";"7,9";"157563"
"tt3228904";"Empire";"2015";"7,8";"30754"
"tt5368542";"The Exorcist";"2016";"8,2";"14367"
"tt5164196";"Lethal Weapon";"2016";"8,0";"18080"
"tt4941240";"Star";"2016";"6,5";"1612"
"tt1826940";"New Girl";"2011";"7,7";"150161"
"tt2467372";"Brooklyn Nine-Nine";"2013";"8,3";"80881"
"tt3230454";"The Last Man on Earth";"2015";"7,4";"39649"
"tt5638056";"The Mick";"2017";"7,8";"5800"
"tt0397306";"American Dad!";"2005";"7,4";"92689"
"tt2497834";"Axe Cop";"2012";"7,4";"1467"
"tt4937942";"Bordertown";"2016";"7,7";"774"
"tt1195935";"The Cleveland Show";"2009";"5,6";"33238"
"tt3038384";"Golan the Insatiable";"2013";"6,9";"666"
"tt3012976";"High School USA!";"2013";"6,6";"368"
"tt3042900";"Lucas Bros Moving Co";"2013";"6,9";"684"
"tt0374900";"Napoleon Dynamite";"2004";"6,9";"168685"
"tt1232266";"Sit Down Shut Up";"2009";"6,0";"1680"
"tt1743880";"Napoleon Dynamite";"2012";"6,4";"2437"
"tt4798814";"Son of Zorn";"2016";"6,7";"2800"
"tt0285331";"24";"2001";"8,4";"154568"
"tt5345490";"24: Legacy";"2016";"6,3";"6898"
"tt1728102";"Alcatraz";"2012";"7,0";"36198"
"tt2654580";"Almost Human";"2013";"8,1";"42843"
"tt5542294";"APB";"2016";"7,1";"3796"
"tt0284085";"The American Embassy";"2002";"6,4";"110"
"tt2099034";"Backstrom";"2015";"7,4";"8101"
"tt0247081";"Boston Public";"2000";"7,3";"4668"
"tt1895315";"Brimstone";"2016";"7,1";"14507"
"tt0956036";"Canterbury's Law";"2008";"6,5";"528"
"tt1620950";"The Chicago Code";"2011";"7,8";"7369"
"tt0204993";"Dark Angel";"2000";"7,4";"26550"
"tt1135300";"Dollhouse";"2009";"7,7";"41441"
"tt0770521";"Drive";"2007";"7,9";"4563"
"tt0320000";"Fastlane";"2002";"7,5";"3020"
"tt1943524";"The Finder";"2012";"7,7";"12960"
"tt0303461";"Firefly";"2002";"9,1";"201826"
"tt2071645";"The Following";"2013";"7,5";"76497"
"tt0247095";"FreakyLinks";"2000";"8,3";"691"
"tt1119644";"Fringe";"2008";"8,5";"188408"
"tt0316984";"Girls Club";"2002";"5,1";"73"
"tt1327801";"Glee";"2009";"6,7";"119769"
"tt1567254";"The Good Guys";"2010";"8,1";"6421"
"tt3435532";"Gracepoint";"2014";"7,2";"4853"
"tt0460645";"Head Cases";"2005";"6,8";"97"
"tt0412142";"House";"2004";"8,8";"330079"
"tt4539954";"Houdini and Doyle";"2016";"7,4";"2087"
"tt0412148";"The Inside";"2005";"8,1";"1023"
"tt0320038";"John Doe";"2002";"7,9";"6905"
"tt0412158";"Jonny Zero";"2005";"8,5";"175"
"tt0398498";"The Jury";"2004";"6,9";"94"
"tt0759482";"Justice";"2006";"8,0";"1472"
"tt0952665";"K-Ville";"2007";"6,5";"1293"
"tt0318390";"Keen Eddie";"2003";"8,5";"1875"
"tt0460643";"Killer Instinct";"2005";"7,3";"522"
"tt1235099";"Lie to Me";"2009";"8,0";"93958"
"tt0243069";"The Lone Gunmen";"2001";"7,5";"4096"
"tt1591490";"Lone Star";"2010";"7,0";"790"
"tt1655416";"Mental";"2012";"6,2";"4318"
"tt4450826";"Minority Report";"2015";"5,9";"8474"
"tt2215717";"The Mob Doctor";"2012";"6,5";"3853"
"tt0928414";"New Amsterdam";"2008";"7,5";"6060"
"tt0409594";"North Shore";"2004";"7,0";"793"
"tt0247120";"Night Visions";"2001";"7,6";"600"
"tt0362359";"The O.C.";"2003";"7,5";"69047"
"tt0202513";"Opposite Sex";"2000";"7,5";"426"
"tt0280287";"Pasadena";"2001";"8,0";"389"
"tt1396401";"Past Life";"2010";"5,5";"373"
"tt0435576";"Point Pleasant";"2005";"7,2";"2017"
"tt0455275";"Prison Break";"2005";"8,5";"370703"
"tt5500158";"Pitch";"2016";"7,4";"4360"
"tt1587000";"Rake";"2010";"8,7";"3058"
"tt3576794";"Red Band Society";"2014";"8,0";"8206"
"tt0460672";"Reunion";"2005";"7,9";"1005"
"tt4465472";"Rosewood";"2015";"6,5";"5278"
"tt4145384";"Scream Queens";"2015";"7,2";"26999"
"tt4378456";"Second Chance";"2016";"7,6";"9756"
"tt5093452";"Shots Fired";"2017";"6,5";"1198"
"tt0364008";"Skin";"2003";"6,5";"194"
"tt2647544";"Sleepy Hollow";"2013";"7,5";"52172"
"tt0756582";"Standoff";"2006";"7,7";"1931"
"tt0247135";"The $treet";"2000";"7,2";"269"
"tt0851851";"Terminator: The Sarah Connor Chronicles";"2008";"7,7";"52477"
"tt1641349";"Terra Nova";"2011";"6,8";"72448"
"tt1821681";"Touch";"2012";"7,4";"38817"
"tt0364817";"Tru Calling";"2003";"7,5";"12743"
"tt0499591";"Vanished";"2006";"7,2";"1543"
"tt2618986";"Wayward Pines";"2015";"7,5";"43561"
"tt0361256";"Wonderfalls";"2004";"8,3";"11031"
"tt0307716";"Andy Richter Controls the Universe";"2002";"8,1";"1377"
"tt0367279";"Arrested Development";"2003";"8,9";"225440"
"tt0950721";"Back to You";"2007";"6,6";"1988"
"tt2177491";"Ben and Kate";"2012";"6,6";"4657"
"tt0285341";"The Bernie Mac Show";"2001";"6,9";"5745"
"tt1630574";"Breaking In";"2011";"7,2";"6877"
"tt1441106";"Brothers";"2009";"4,8";"212"
"tt4452688";"Cooper Barrett's Guide to Surviving Life";"2016";"6,2";"1242"
"tt0367313";"Cracking Up";"2004";"6,3";"151"
"tt2647548";"Dads";"2013";"5,5";"6275"
"tt1231448";"Do Not Disturb";"2008";"4,0";"283"
"tt2741950";"Enlisted";"2014";"7,0";"4803"
"tt0460641";"Free Ride";"2006";"7,0";"103"
"tt2244871";"The Goodwin Games";"2013";"6,7";"2444"
"tt4465368";"Grandfathered";"2015";"7,1";"5200"
"tt0280257";"Greg the Bunny";"2002";"7,8";"1341"
"tt4481322";"The Grinder";"2015";"7,2";"5718"
"tt0255734";"Grounded for Life";"2001";"7,5";"12679"
"tt0496312";"Happy Hour";"2006";"6,3";"241"
"tt1819545";"I Hate My Teenage Daughter";"2011";"5,3";"2380"
"tt0460654";"Kitchen Confidential";"2005";"8,3";"4177"
"tt0412221";"Life on a Stick";"2005";"5,5";"401"
"tt0460655";"The Loop";"2006";"7,6";"1726"
"tt0367363";"Luis";"2003";"5,4";"52"
"tt5515410";"Making History";"2017";"6,3";"1448"
"tt0212671";"Malcolm in the Middle";"2000";"8,0";"101361"
"tt0406438";"Method & Red";"2004";"7,5";"507"
"tt2211129";"The Mindy Project";"2012";"7,4";"24100"
"tt0366055";"A Minute with Stan Hooper";"2003";"6,3";"151"
"tt2753110";"Mulaney";"2014";"4,3";"2180"
"tt0247090";"Normal, Ohio";"2000";"5,9";"141"
"tt0322660";"Oliver Beene";"2003";"7,5";"553"
"tt0338647";"The Pitts";"2003";"4,7";"176"
"tt0407441";"Quintuplets";"2004";"7,1";"908"
"tt1615919";"Raising Hope";"2010";"8,0";"31585"
"tt0838205";"The Return of Jezebel James";"2008";"5,8";"426"
"tt1615926";"Running Wilde";"2010";"6,9";"2820"
"tt1361839";"Sons of Tucson";"2010";"7,2";"1769"
"tt0448303";"Stacked";"2005";"6,1";"1385"
"tt2395482";"Surviving Jack";"2014";"8,4";"4351"
"tt0305472";"That '80s Show";"2002";"4,6";"1710"
"tt5540054";"The Tick";"2017";"7,3";"2971"
"tt0759475";"'Til Death";"2006";"6,5";"5339"
"tt0205700";"Titus";"2000";"7,6";"4941"
"tt1809194";"Traffic Light";"2011";"7,4";"1818"
"tt0273028";"Undeclared";"2001";"8,0";"15104"
"tt0915414";"Unhitched";"2008";"5,5";"803"
"tt0353113";"Wanda at Large";"2003";"5,6";"216"
"tt0460692";"The War at Home";"2005";"7,5";"7850"
"tt3549436";"Weird Loners";"2015";"6,6";"1644"
"tt4928092";"Prison Break: Resurrection";"2017";"8,8";"22294"
"tt0494210";"The Winner";"2007";"6,3";"1109"
"tt4270458";"Roadies";"2016";"7,3";"3893"
"tt3095080";"Happyish";"2015";"7,3";"2206"
"tt2628232";"Penny Dreadful";"2014";"8,2";"87026"
"tt2137109";"Masters of Sex";"2013";"8,0";"29596"
"tt1797404";"House of Lies";"2012";"7,4";"21153"
"tt1930123";"Web Therapy";"2011";"6,7";"3350"
"tt1582457";"The Borgias";"2011";"7,9";"40939"
"tt1586619";"Look";"2010";"7,0";"138"
"tt1515193";"The Big C";"2010";"8,1";"12596"
"tt1190689";"Nurse Jackie";"2009";"7,7";"20828"
"tt1001482";"United States of Tara";"2009";"7,9";"19072"
"tt1000734";"Secret Diary of a Call Girl";"2007";"7,4";"11001"
"tt0904208";"Californication";"2007";"8,3";"152453"
"tt0865546";"Meadowlands";"2007";"7,1";"982"
"tt0758790";"The Tudors";"2007";"8,1";"54835"
"tt0773262";"Dexter";"2006";"8,8";"534802"
"tt0457229";"Brotherhood";"2006";"7,8";"6147"
"tt0465353";"Sleeper Cell";"2005";"8,1";"5314"
"tt0448190";"Masters of Horror";"2005";"7,6";"9767"
"tt0460622";"Barbershop";"2005";"6,3";"222"
"tt0439100";"Weeds";"2005";"8,0";"90104"
"tt0426686";"Fat Actress";"2005";"6,2";"723"
"tt0409570";"Huff";"2004";"8,0";"3076"
"tt0330251";"The L Word";"2004";"7,6";"20563"
"tt0348913";"Dead Like Me";"2003";"8,2";"35810"
"tt0329476";"Out of Order";"2003";"7,1";"626"
"tt0296875";"Street Time";"2002";"7,6";"110"
"tt0318236";"Odyssey 5";"2002";"7,6";"2557"
"tt0258620";"Going to California";"2001";"7,5";"121"
"tt0268789";"The Chris Isaak Show";"2001";"7,7";"412"
"tt0262985";"Queer as Folk";"2000";"8,3";"15922"
"tt0248655";"Soul Food";"2000";"7,5";"735"
"tt0249313";"Resurrection Blvd.";"2000";"7,1";"143"
"tt0413573";"Grey's Anatomy";"2005";"7,7";"176661"
"tt1843230";"Once Upon a Time";"2011";"7,9";"181159"
"tt1837576";"Scandal";"2012";"7,8";"56704"
"tt2364582";"Agents of S.H.I.E.L.D.";"2013";"7,5";"156240"
"tt3205802";"How to Get Away with Murder";"2014";"8,3";"77180"
"tt4428122";"Quantico";"2015";"7,1";"41158"
"tt5296406";"Designated Survivor";"2016";"7,9";"31827"
"tt5165412";"Still Star-Crossed";"2017";"5,8";"671"
"tt1442464";"The Middle";"2009";"7,5";"35256"
"tt3487356";"Black-ish";"2014";"7,1";"11909"
"tt3551096";"Fresh Off the Boat";"2015";"8,0";"14278"
"tt5592146";"Speechless";"2016";"7,7";"3544"
"tt5396394";"American Housewife";"2016";"7,4";"2679"
"tt0285333";"Alias";"2001";"7,6";"38995"
"tt1829891";"Combat Hospital";"2011";"7,4";"1902"
"tt2172103";"Last Resort";"2012";"7,4";"19693"
"tt3475734";"Agent Carter";"2015";"8,0";"55839"
"tt1836195";"The River";"2012";"6,9";"15151"
"tt1143289";"Cupid";"2009";"7,4";"1024"
"tt0410975";"Desperate Housewives";"2004";"7,5";"97898"
"tt0892535";"Eli Stone";"2008";"7,7";"8622"
"tt1727387";"GCB";"2012";"6,9";"7611"
"tt0925266";"Pushing Daisies";"2007";"8,4";"47400"
"tt0805669";"Ugly Betty";"2006";"6,6";"35823"
"tt0365969";"10-8: Officers on Duty";"2003";"7,0";"185"
"tt2197797";"666 Park Avenue";"2012";"6,9";"16077"
"tt3488298";"American Crime";"2015";"7,7";"7117"
"tt0848539";"Big Shots";"2007";"7,5";"1411"
"tt2968404";"Black Box";"2014";"6,7";"3233"
"tt0424609";"Blind Justice";"2005";"6,5";"341"
"tt4428022";"Blood & Oil";"2015";"6,7";"3577"
"tt1587669";"Body of Proof";"2011";"7,1";"12550"
"tt0402711";"Boston Legal";"2004";"8,4";"37018"
"tt0758737";"Brothers & Sisters";"2006";"7,3";"19294"
"tt0938567";"Cashmere Mafia";"2008";"6,6";"2456"
"tt1219024";"Castle";"2009";"8,2";"123830"
"tt1760943";"Charlie's Angels";"2011";"4,4";"3693"
"tt0429455";"Commander in Chief";"2005";"6,8";"3030"
"tt5396572";"Conviction";"2016";"7,3";"5475"
"tt0801425";"Day Break";"2006";"8,2";"7080"
"tt1578258";"Detroit 1-8-7";"2010";"7,7";"2967"
"tt0960136";"Dirty Sexy Money";"2007";"7,3";"10696"
"tt1402376";"Eastwick";"2009";"6,5";"8202"
"tt0419323";"Eyes";"2005";"7,7";"359"
"tt1441135";"Flashforward";"2009";"7,6";"55324"
"tt3487382";"Forever";"2014";"8,3";"44637"
"tt0247101";"Gideon's Crossing";"2000";"7,8";"113"
"tt0364823";"Karen Sisco";"2003";"7,3";"658"
"tt0324864";"Kingdom Hospital";"2004";"6,8";"6301"
"tt0319987";"Dragnet";"2003";"7,0";"747"
"tt0411004";"Life As We Know It";"2004";"8,0";"2858"
"tt0787490";"Life on Mars";"2008";"7,5";"8609"
"tt0361200";"Line of Fire";"2003";"7,4";"221"
"tt2712966";"Lucky 7";"2013";"5,2";"597"
"tt0320069";"MDs";"2002";"8,1";"102"
"tt0805664";"Men in Trees";"2006";"7,3";"4705"
"tt2751064";"Mind Games";"2014";"6,4";"1427"
"tt0320075";"Miracles";"2003";"7,4";"1065"
"tt1828246";"Missing";"2012";"7,0";"9033"
"tt2295809";"Mistresses";"2013";"7,1";"10930"
"tt2443340";"Motive";"2013";"7,4";"4185"
"tt1662979";"My Generation";"2010";"6,2";"620"
"tt2281375";"Nashville";"2012";"7,7";"19434"
"tt5519574";"Notorious";"2016";"6,7";"3426"
"tt0756573";"October Road";"2007";"7,5";"3757"
"tt4387170";"Of Kings and Prophets";"2015";"6,2";"1203"
"tt1587694";"Off the Map";"2011";"7,2";"4558"
"tt2802008";"Once Upon a Time in Wonderland";"2013";"7,1";"10134"
"tt1826805";"Pan Am";"2011";"6,9";"17345"
"tt0285395";"Philly";"2001";"7,2";"270"
"tt0972412";"Private Practice";"2007";"6,6";"19316"
"tt0315701";"Push, Nevada";"2002";"6,6";"170"
"tt2215399";"Red Widow";"2013";"6,6";"2816"
"tt1837642";"Revenge";"2011";"7,9";"101799"
"tt1442065";"Rookie Blue";"2010";"7,7";"14495"
"tt1595860";"Scoundrels";"2010";"6,3";"687"
"tt3516878";"Secrets and Lies";"2015";"7,7";"8742"
"tt0801427";"Six Degrees";"2006";"7,8";"1564"
"tt0320981";"That Was Then";"2002";"7,7";"35"
"tt4396862";"The Catch";"2016";"7,2";"7763"
"tt0291600";"The Court";"2002";"5,1";"26"
"tt0413559";"The Days";"2004";"8,3";"254"
"tt1441219";"The Deep End";"2010";"7,1";"697"
"tt0460638";"The Evidence";"2006";"7,0";"133"
"tt4428038";"The Family";"2016";"7,5";"4005"
"tt1420425";"The Forgotten";"2009";"6,7";"2062"
"tt1599357";"The Gates";"2010";"7,2";"6984"
"tt0801426";"The Nine";"2006";"6,4";"1343"
"tt1240976";"The Unusuals";"2009";"8,0";"4675"
"tt1610515";"The Whole Truth";"2010";"6,6";"631"
"tt0364888";"Threat Matrix";"2003";"5,9";"297"
"tt0805668";"Traveler";"2007";"8,4";"4196"
"tt0460693";"What About Brian";"2006";"7,3";"3206"
"tt4428124";"Wicked City";"2015";"6,6";"2531"
"tt0955353";"Women's Murder Club";"2007";"7,3";"1977"
"tt0209557";"Wonderland";"2000";"7,5";"121"
"tt2215797";"Zero Hour";"2013";"6,5";"4917"
"tt1319690";"Defying Gravity";"2009";"7,3";"9164"
"tt0460651";"Invasion";"2005";"7,6";"10673"
"tt0411008";"Lost";"2004";"8,4";"406485"
"tt0772139";"Masters of Science Fiction";"2007";"6,9";"1858"
"tt0460665";"Night Stalker";"2005";"6,6";"1144"
"tt1591493";"No Ordinary Family";"2010";"6,9";"15158"
"tt2647586";"Resurrection";"2014";"7,4";"14002"
"tt3487410";"The Whispers";"2015";"7,3";"9206"
"tt5031234";"Time After Time";"2017";"6,9";"2387"
"tt1307824";"V";"2009";"6,8";"47859"
"tt0324431";"Veritas: The Quest";"2003";"7,6";"347"
"tt3530726";"The Astronaut Wives Club";"2015";"7,2";"2509"
"tt0246430";"Anne Frank";"2001";"8,0";"4186"
"tt4035574";"Madoff";"2016";"7,4";"1385"
"tt5292622";"When We Rise";"2017";"7,1";"1947"
"tt1183569";"The Goode Family";"2009";"6,5";"1122"
"tt5711138";"Imaginary Mary";"2017";"5,5";"781"
"tt0312081";"8 Simple Rules";"2002";"7,1";"21283"
"tt0285351";"According to Jim";"2001";"6,4";"30293"
"tt2655470";"Back in the Game";"2013";"6,5";"1628"
"tt1235547";"Better Off Ted";"2009";"8,2";"22471"
"tt1598876";"Better with You";"2010";"6,9";"3016"
"tt0805660";"Big Day";"2006";"6,5";"302"
"tt0928410";"Carpoolers";"2007";"7,7";"1566"
"tt0981216";"Cavemen";"2007";"4,5";"2268"
"tt0411024";"Complete Savages";"2004";"7,4";"1592"
"tt1441109";"Cougar Town";"2009";"7,0";"36924"
"tt3729144";"Cristela";"2014";"6,5";"2252"
"tt0460634";"Crumbs";"2006";"6,6";"141"
"tt1819509";"Don't Trust the B---- in Apartment 23";"2012";"7,3";"27380"
"tt3879306";"Downward Dog";"2017";"7,0";"1026"
"tt3216608";"Dr. Ken";"2015";"5,7";"3107"
"tt0460636";"Emily's Reasons Why Not";"2006";"4,6";"165"
"tt2245283";"Family Tools";"2013";"5,5";"575"
"tt0460640";"Freddie";"2005";"6,2";"1186"
"tt3305096";"Galavant";"2015";"8,1";"11391"
"tt0310460";"George Lopez";"2002";"6,8";"8624"
"tt1441142";"Hank";"2009";"4,5";"402"
"tt1587678";"Happy Endings";"2011";"7,7";"30824"
"tt0802146";"Help Me Help You";"2006";"6,8";"326"
"tt0366025";"Hope & Faith";"2003";"5,5";"4157"
"tt0460648";"Hot Properties";"2005";"6,3";"230"
"tt2226397";"How to Live with Your Parents (For the Rest of Your Life)";"2013";"5,8";"1771"
"tt0366027";"I'm with Her";"2003";"7,2";"315"
"tt0491296";"In Case of Emergency";"2007";"7,3";"410"
"tt1374983";"In the Motherhood";"2009";"6,4";"180"
"tt0366034";"It's All Relative";"2003";"6,9";"242"
"tt0415456";"Jake in Progress";"2005";"6,3";"291"
"tt1828327";"Last Man Standing";"2011";"7,5";"18916"
"tt0320052";"Less Than Perfect";"2002";"7,1";"2721"
"tt0320053";"Life with Bonnie";"2002";"6,5";"433"
"tt0247110";"Madigan Men";"2000";"7,2";"74"
"tt2215291";"Malibu Country";"2012";"6,1";"1472"
"tt3514886";"Manhattan Love Story";"2014";"7,0";"5377"
"tt1828238";"Man Up";"2011";"6,6";"2470"
"tt0365983";"Married to the Kellys";"2003";"6,4";"206"
"tt0876235";"Miss Guided";"2008";"7,7";"1012"
"tt2727600";"Mixology";"2013";"7,3";"4985"
"tt1583638";"Mr. Sunshine";"2011";"6,8";"6135"
"tt0273855";"My Wife and Kids";"2001";"6,8";"22042"
"tt0801428";"Notes from the Underbelly";"2007";"7,1";"579"
"tt0318622";"Regular Joe";"2003";"7,1";"15"
"tt0411022";"Rodney";"2004";"6,6";"537"
"tt1392247";"Romantically Challenged";"2010";"5,7";"483"
"tt0898332";"Samantha Who?";"2007";"7,4";"8946"
"tt3549044";"Selfie";"2014";"7,2";"9947"
"tt0460676";"Sons & Daughters";"2006";"8,4";"470"
"tt1741256";"Suburgatory";"2011";"7,2";"27949"
"tt2298477";"Super Fun Night";"2013";"6,3";"4310"
"tt1280629";"Surviving Suburbia";"2009";"5,8";"473"
"tt0247098";"The Geena Davis Show";"2000";"5,7";"205"
"tt0272980";"The Job";"2001";"8,4";"1575"
"tt0494287";"The Knights of Prosperity";"2007";"7,9";"1244"
"tt4651824";"The Muppets.";"2015";"7,5";"4502"
"tt2182229";"The Neighbors";"2012";"6,7";"7303"
"tt4422756";"The Real O'Neals";"2016";"7,0";"3862"
"tt0247122";"The Trouble with Normal";"2000";"7,0";"73"
"tt2400736";"Trophy Wife";"2013";"6,9";"5528"
"tt4424758";"Uncle Buck";"2016";"5,2";"750"
"tt0278255";"What About Joan";"2000";"6,0";"103"
"tt1826951";"Work It";"2012";"3,4";"825"
"tt2261391";"Chicago Fire";"2012";"7,9";"25263"
"tt2741602";"The Blacklist";"2013";"8,1";"125047"
"tt2805096";"Chicago P.D.";"2014";"8,2";"16548"
"tt2477230";"The Night Shift";"2014";"7,5";"6834"
"tt4474344";"Blindspot";"2015";"7,6";"46566"
"tt4655480";"Chicago Med";"2015";"7,8";"6044"
"tt4118584";"Shades of Blue";"2016";"6,8";"6686"
"tt5555260";"This Is Us";"2016";"8,9";"31838"
"tt5511582";"Timeless";"2016";"7,6";"16291"
"tt5052460";"Taken";"2017";"6,6";"3493"
"tt4307902";"The Carmichael Show";"2015";"7,4";"1739"
"tt4477976";"Superstore";"2015";"7,7";"8691"
"tt4955642";"The Good Place";"2016";"7,7";"8016"
"tt5511512";"Trial & Error";"2017";"7,9";"2223"
"tt4955480";"Great News";"2017";"6,6";"702"
"tt1441093";"100 Questions";"2010";"5,5";"777"
"tt2266639";"1600 Penn";"2012";"5,7";"3533"
"tt0496424";"30 Rock";"2006";"8,2";"96183"
"tt0312091";"A.U.S.A.";"2003";"6,8";"39"
"tt2666270";"About a Boy";"2014";"7,5";"7191"
"tt0775349";"Andy Barker, P.I.";"2007";"7,7";"1179"
"tt2246569";"Animal Practice";"2012";"5,7";"2736"
"tt1826989";"Are You There, Chelsea?";"2012";"5,1";"4023"
"tt2769470";"Bad Judge";"2014";"5,9";"4245"
"tt1839417";"Bent";"2012";"6,9";"2369"
"tt1845887";"Best Friends Forever";"2012";"6,4";"1293"
"tt0421316";"Committed";"2005";"7,5";"327"
"tt1439629";"Community";"2009";"8,5";"155107"
"tt0338592";"Coupling";"2003";"3,5";"843"
"tt4478002";"Crowded";"2016";"6,5";"1618"
"tt0247134";"The Weber Show";"2000";"6,6";"68"
"tt0198099";"Daddio";"2000";"5,5";"94"
"tt0285359";"Emeril";"2000";"4,4";"87"
"tt0278194";"The Fighting Fitzgeralds";"2001";"7,3";"29"
"tt0461721";"Four Kings";"2006";"6,6";"416"
"tt1839481";"Free Agents";"2011";"5,6";"1360"
"tt1604113";"Friends with Benefits";"2011";"6,7";"2858"
"tt0271288";"Go Fish";"2001";"6,4";"39"
"tt2300923";"Go On";"2012";"7,6";"18634"
"tt0320018";"Good Morning, Miami";"2002";"6,6";"503"
"tt2698984";"Growing Up Fisher";"2014";"7,6";"2221"
"tt2281583";"Guys with Kids";"2012";"6,3";"4115"
"tt0364812";"Happy Family";"2003";"7,3";"65"
"tt0320030";"Hidden Hills";"2002";"7,5";"114"
"tt0315682";"In-Laws";"2002";"6,7";"71"
"tt0281450";"Inside Schwartz";"2001";"5,7";"81"
"tt0375355";"Joey";"2004";"6,0";"37096"
"tt0948539";"Kath & Kim";"2008";"5,1";"1911"
"tt0259145";"Kristin";"2001";"6,4";"111"
"tt0195896";"M.Y.O.B.";"2000";"7,5";"42"
"tt3460454";"Marry Me";"2014";"6,4";"2910"
"tt2338232";"The Michael J. Fox Show";"2013";"6,6";"4716"
"tt0247113";"The Michael Richards Show";"2000";"5,8";"248"
"tt0362867";"Miss Match";"2003";"6,6";"1262"
"tt2800234";"Mr. Robinson";"2015";"5,1";"882"
"tt0460091";"My Name Is Earl";"2005";"7,8";"86208"
"tt2087571";"The New Normal";"2012";"6,8";"10107"
"tt0386676";"The Office";"2005";"8,8";"223134"
"tt3501016";"One Big Happy";"2015";"5,8";"2516"
"tt1593756";"Outsourced";"2010";"7,5";"10829"
"tt1266020";"Parks and Recreation";"2009";"8,6";"139607"
"tt1599374";"The Paul Reiser Show";"2011";"3,5";"331"
"tt1595856";"Perfect Couples";"2010";"6,5";"2297"
"tt5083928";"Powerless";"2017";"6,4";"4435"
"tt2245117";"Save Me";"2013";"6,2";"1454"
"tt0285403";"Scrubs";"2001";"8,4";"205652"
"tt2715776";"Sean Saves the World";"2013";"6,3";"1968"
"tt0494188";"Teachers.";"2006";"6,9";"509"
"tt0364892";"The Tracy Morgan Show";"2003";"6,2";"216"
"tt4481248";"Truth Be Told";"2015";"6,0";"1227"
"tt0247141";"Tucker";"2000";"7,4";"291"
"tt0780442";"Twenty Good Years";"2006";"6,3";"250"
"tt2788780";"Undateable";"2014";"7,3";"7303"
"tt1843323";"Up All Night";"2011";"6,5";"8679"
"tt0306410";"Watching Ellie";"2002";"6,3";"215"
"tt2709648";"Welcome to the Family";"2013";"5,8";"992"
"tt3463606";"Welcome to Sweden";"2014";"6,6";"4388"
"tt1850458";"Whitney";"2011";"5,6";"11734"
"tt0364902";"Whoopi";"2003";"6,9";"463"
"tt3489108";"Working the Engels";"2014";"4,8";"369"
"tt0361179";"Father of the Pride";"2004";"6,9";"1145"
"tt4074084";"A.D. The Bible Continues";"2015";"7,4";"2752"
"tt3581654";"Allegiance";"2015";"7,2";"3495"
"tt0319930";"American Dreams";"2002";"7,5";"2495"
"tt3551796";"American Odyssey";"2015";"7,4";"4856"
"tt1839683";"Awake";"2012";"7,9";"19088"
"tt3768572";"Aquarius";"2015";"7,1";"8187"
"tt2592094";"Believe";"2014";"7,2";"13149"
"tt0880557";"Bionic Woman";"2007";"5,7";"7334"
"tt0805661";"The Black Donnellys";"2007";"8,2";"12960"
"tt5592230";"The Blacklist: Redemption";"2017";"7,3";"3205"
"tt0470642";"The Book of Daniel";"2006";"8,0";"728"
"tt0319960";"Boomtown";"2002";"8,2";"1711"
"tt2708560";"Camp";"2013";"7,3";"2254"
"tt1593823";"The Cape";"2011";"5,8";"7792"
"tt1582458";"Chase";"2010";"7,0";"2922"
"tt5640060";"Chicago Justice";"2017";"7,2";"1636"
"tt0934814";"Chuck";"2007";"8,2";"112814"
"tt3489184";"Constantine";"2014";"7,5";"40415"
"tt0494186";"Conviction";"2006";"7,1";"803"
"tt2322158";"Crisis";"2014";"7,2";"7386"
"tt2400631";"Crossbones";"2014";"6,5";"6132"
"tt0284718";"Crossing Jordan";"2001";"7,0";"8633"
"tt1117552";"Crusoe";"2008";"6,9";"2138"
"tt0247086";"Deadline";"2000";"6,6";"76"
"tt2245029";"Deception";"2013";"6,6";"3538"
"tt2296682";"Dracula";"2013";"7,4";"25503"
"tt0460084";"E-Ring";"2005";"7,1";"1001"
"tt0247091";"Ed";"2000";"7,6";"5868"
"tt3579018";"Emerald City";"2016";"7,4";"8028"
"tt1582459";"The Event";"2010";"7,0";"24077"
"tt1112285";"Fear Itself";"2008";"7,0";"3621"
"tt1949012";"The Firm";"2012";"7,1";"4762"
"tt0758745";"Friday Night Lights";"2006";"8,7";"45729"
"tt4074374";"Game of Silence";"2016";"7,0";"2075"
"tt1830617";"Grimm";"2011";"7,8";"91891"
"tt2243973";"Hannibal";"2013";"8,6";"175511"
"tt1582453";"Harry's Law";"2011";"7,3";"5236"
"tt0410987";"Hawaii";"2004";"7,1";"99"
"tt4481266";"Heartbeat";"2016";"6,9";"2350"
"tt0491281";"Heist";"2006";"7,2";"486"
"tt0813715";"Heroes";"2006";"7,7";"208262"
"tt3556944";"Heroes Reborn";"2015";"6,9";"21701"
"tt0460089";"Inconceivable";"2005";"6,6";"41"
"tt2787278";"Ironside";"2013";"5,6";"1412"
"tt0948538";"Journeyman";"2007";"8,1";"8390"
"tt0771329";"Kidnapped";"2006";"7,7";"2588"
"tt0324865";"Kingpin";"2003";"7,6";"1022"
"tt1137462";"Kings";"2009";"8,3";"7529"
"tt1213404";"Knight Rider";"2008";"5,7";"7872"
"tt0364828";"Las Vegas";"2003";"7,5";"23595"
"tt0275140";"Law & Order: Criminal Intent";"2001";"7,4";"18979"
"tt1657081";"Law & Order: LA";"2010";"6,7";"1921"
"tt0406429";"Law & Order: Trial by Jury";"2005";"6,4";"970"
"tt0411003";"LAX";"2004";"6,2";"294"
"tt0874936";"Life";"2007";"8,3";"30174"
"tt0489606";"Lipstick Jungle";"2008";"6,5";"6484"
"tt1181541";"The Listener";"2009";"6,8";"6778"
"tt1582454";"Love Bites";"2011";"7,5";"2190"
"tt0380124";"The Lyon's Den";"2003";"6,3";"135"
"tt0411011";"Medical Investigation";"2004";"7,1";"812"
"tt0412175";"Medium";"2005";"6,9";"22048"
"tt1442435";"Mercy";"2009";"7,2";"2590"
"tt1199099";"Merlin";"2008";"7,9";"59101"
"tt0348966";"Mister Sterling";"2003";"8,1";"124"
"tt1217239";"My Own Worst Enemy";"2008";"7,4";"3085"
"tt3187578";"The Mysteries of Laura";"2014";"6,8";"7577"
"tt0247119";"Mysterious Ways";"2000";"8,0";"693"
"tt1592226";"Outlaw";"2010";"6,4";"646"
"tt1416765";"Parenthood";"2010";"8,1";"25357"
"tt1333050";"Persons Unknown";"2010";"6,9";"7596"
"tt1217208";"The Philanthropist";"2009";"7,6";"1393"
"tt1797475";"The Playboy Club";"2011";"6,5";"4581"
"tt4474310";"The Player";"2015";"7,1";"6331"
"tt1582456";"Prime Suspect";"2011";"7,3";"3330"
"tt0932670";"Quarterlife";"2007";"6,4";"392"
"tt0802148";"Raines";"2007";"7,9";"1839"
"tt0403795";"Revelations";"2005";"6,5";"1374"
"tt2070791";"Revolution";"2012";"6,7";"74390"
"tt1954804";"Saving Hope";"2012";"7,6";"4944"
"tt2935974";"Siberia";"2013";"7,2";"3055"
"tt3476576";"The Slap";"2015";"6,1";"2695"
"tt1825133";"Smash";"2012";"7,7";"14944"
"tt1299368";"Southland";"2009";"8,5";"21698"
"tt0485842";"Studio 60 on the Sunset Strip";"2006";"8,3";"21000"
"tt0452718";"Surface";"2005";"7,2";"8916"
"tt3027506";"Taxi Brooklyn";"2014";"6,2";"2536"
"tt0243732";"Titans";"2000";"7,2";"225"
"tt1445201";"Trauma";"2009";"7,8";"2313"
"tt0280344";"UC: Undercover";"2001";"6,8";"237"
"tt1568769";"Undercovers";"2010";"5,5";"1933"
"tt0483536";"Windfall";"2006";"6,4";"505"
"tt4337894";"You, Me and the Apocalypse";"2015";"7,8";"5594"
"tt1632701";"Suits";"2011";"8,7";"272833"
"tt4158110";"Mr. Robot";"2015";"8,6";"221809"
"tt4209256";"Colony";"2016";"7,3";"15112"
"tt1064899";"Queen of the South";"2016";"7,6";"3612"
"tt4520992";"Falling Water";"2016";"6,5";"1823"
"tt4181172";"Shooter";"2016";"7,7";"12167"
"tt2750182";"Playing House";"2014";"7,6";"2065"
"tt0364845";"NCIS";"2003";"7,9";"93250"
"tt0247082";"CSI: Crime Scene Investigation";"2000";"7,7";"69077"
"tt1378167";"NCIS: Los Angeles";"2009";"6,7";"38381"
"tt1442437";"Modern Family";"2009";"8,5";"269869"
"tt0389564";"The 4400";"2004";"7,4";"37687"
"tt3342592";"Benched";"2014";"7,2";"2202"
"tt0810788";"Burn Notice";"2007";"8,0";"61066"
"tt1771072";"Common Law";"2012";"8,0";"5471"
"tt3410350";"Complications";"2015";"7,2";"2177"
"tt0233491";"Cover Me: Based on the True Life of an FBI Family";"2000";"7,5";"144"
"tt1495708";"Covert Affairs";"2010";"7,3";"23571"
"tt0281432";"The Dead Zone";"2002";"7,5";"7427"
"tt3597606";"Dig";"2015";"6,8";"4938"
"tt4895394";"Donny!";"2015";"5,9";"174"
"tt5369352";"Eyewitness";"2016";"7,8";"3280"
"tt1586676";"Fairly Legal";"2011";"7,4";"7209"
"tt2393813";"Graceland";"2013";"7,7";"14445"
"tt0250157";"The Huntress";"2000";"5,5";"342"
"tt0935095";"In Plain Sight";"2008";"7,3";"8837"
"tt0439375";"Kojak";"2005";"5,7";"308"
"tt0312172";"Monk";"2002";"8,0";"52847"
"tt1657505";"Necessary Roughness";"2011";"7,0";"6542"
"tt0353867";"Peacemakers";"2003";"8,3";"579"
"tt2239947";"Political Animals";"2012";"7,8";"5311"
"tt0491738";"Psych";"2006";"8,4";"70201"
"tt1319735";"Royal Pains";"2009";"7,1";"16872"
"tt3413236";"Rush";"2014";"7,7";"4695"
"tt3205236";"Satisfaction";"2014";"7,3";"3547"
"tt2484950";"Sirens";"2014";"7,8";"4866"
"tt1127107";"The Starter Wife";"2008";"6,8";"938"
"tt0383153";"Touching Evil";"2004";"7,9";"894"
"tt0344487";"Traffic";"2004";"7,2";"801"
"tt0247108";"The War Next Door";"2000";"7,8";"71"
"tt1358522";"White Collar";"2009";"8,3";"100307"
"tt0247087";"The District";"2000";"7,1";"1040"
"tt2149175";"The Americans";"2013";"8,3";"55259"
"tt2654620";"The Strain";"2014";"7,4";"61702"
"tt3647998";"Taboo";"2017";"8,7";"58347"
"tt5114356";"Legion";"2017";"8,6";"41363"
"tt1492966";"Louie";"2010";"8,6";"63851"
"tt3468798";"Baskets";"2016";"7,5";"6608"
"tt4288182";"Atlanta";"2016";"8,6";"16133"
"tt4370596";"Better Things";"2016";"7,5";"4527"
"tt1844624";"American Horror Story";"2011";"8,2";"212640"
"tt2802850";"Fargo";"2014";"9,0";"206245"
"tt2788432";"American Crime Story";"2016";"8,5";"43041"
"tt1984119";"Feud";"2017";"8,7";"7591"
"tt0286486";"The Shield";"2002";"8,7";"59179"
"tt0361217";"Nip/Tuck";"2003";"7,7";"48387"
"tt0381798";"Rescue Me";"2004";"8,4";"22778"
"tt0446241";"Over There";"2005";"7,9";"3981"
"tt0454753";"Thief";"2006";"7,6";"998"
"tt0496275";"Dirt";"2007";"7,0";"6290"
"tt0496343";"The Riches";"2007";"8,0";"7364"
"tt0914387";"Damages";"2007";"8,1";"25081"
"tt1124373";"Sons of Anarchy";"2008";"8,6";"199086"
"tt1489428";"Justified";"2010";"8,6";"68635"
"tt1493239";"Terriers";"2010";"8,4";"9214"
"tt1379690";"Lights Out";"2011";"8,1";"2761"
"tt2406376";"The Bridge";"2013";"7,6";"15725"
"tt2568204";"Tyrant";"2014";"7,9";"19722"
"tt4218618";"The Bastard Executioner";"2015";"6,3";"8151"
"tt0235137";"Son of the Beach";"2000";"7,0";"2169"
"tt0312271";"Lucky";"2003";"8,2";"227"
"tt0462140";"Starved";"2005";"7,9";"415"
"tt1262403";"Testees";"2008";"7,3";"2250"
"tt1986770";"Anger Management";"2012";"6,7";"27849"
"tt3496994";"Saint George";"2014";"4,9";"426"
"tt2786956";"Married";"2014";"7,0";"2838"
"tt2994108";"Partners";"2014";"6,0";"1168"
"tt2980734";"The Comedians";"2015";"6,7";"1618"
"tt3594982";"Sex&Drugs&Rock&Roll";"2015";"7,2";"2646"
"tt2122954";"Unsupervised";"2012";"7,4";"2144"
"tt3221268";"Chozen";"2014";"6,4";"1635"
"tt3502248";"Bosch";"2014";"8,3";"21187"
"tt3973768";"Hand of God";"2014";"7,5";"7997"
"tt1740299";"The Man in the High Castle";"2015";"8,1";"46977"
"tt2805574";"Mad Dogs";"2015";"7,6";"5944"
"tt5239494";"The Collection";"2016";"7,0";"752"
"tt4687880";"Goliath";"2016";"8,3";"13423"
"tt4687892";"Good Girls Revolt";"2015";"8,2";"3165"
"tt5011816";"Sneaky Pete";"2015";"8,3";"11009"
"tt4878612";"Z: The Beginning of Everything";"2015";"7,3";"1848"
"tt4687882";"Patriot";"2015";"8,2";"3074"
"tt3012184";"Betas";"2013";"7,1";"2435"
"tt3012160";"Alpha House";"2013";"7,6";"3561"
"tt3502172";"Mozart in the Jungle";"2014";"8,2";"16199"
"tt3973820";"Red Oaks";"2014";"7,9";"5021"
"tt4947608";"One Mississippi";"2015";"7,1";"1394"
"tt4354616";"Crisis in Six Scenes";"2016";"6,7";"2691"
"tt5478730";"I Love Dick";"2016";"5,3";"950"
"tt3281796";"Power";"2014";"8,1";"18567"
"tt3006802";"Outlander";"2014";"8,5";"60382"
"tt1898069";"American Gods";"2017";"8,4";"17092"
"tt3231022";"Survivor's Remorse";"2014";"7,0";"1610"
"tt4189022";"Ash vs Evil Dead";"2015";"8,6";"41222"
"tt3877200";"The Missing";"2014";"8,2";"13290"
"tt3846642";"The Girlfriend Experience";"2016";"7,3";"5274"
"tt1178636";"Crash";"2008";"6,8";"1349"
"tt1442449";"Spartacus: War of the Damned";"2010";"8,6";"184526"
"tt1672189";"Camelot";"2011";"6,5";"20826"
"tt1833285";"Boss";"2011";"8,1";"15767"
"tt1832045";"Magic City";"2012";"7,6";"10624"
"tt2372220";"The White Queen";"2013";"7,8";"16672"
"tt2094262";"Da Vinci's Demons";"2013";"8,1";"64612"
"tt2375692";"Black Sails";"2014";"8,2";"67560"
"tt1548669";"Gravity";"2010";"6,7";"850"
"tt0904627";"Head Case";"2007";"7,6";"565"
"tt1100945";"Hollywood Residential";"2008";"7,5";"74"
"tt1073507";"Party Down";"2009";"8,3";"24364"
"tt4197508";"Blunt Talk";"2015";"7,5";"3535"
"tt1453159";"The Pillars of the Earth";"2010";"8,1";"23738"
"tt1758429";"Spartacus: Gods of the Arena";"2011";"8,6";"99138"
"tt0485301";"Torchwood";"2006";"7,8";"34676"
"tt2163315";"Dancing on the Edge";"2013";"7,4";"2074"
"tt3507484";"Flesh and Bone";"2015";"8,0";"7601"
"tt5705956";"The White Princess";"2017";"7,8";"2535"
"tt0452046";"Criminal Minds";"2005";"8,2";"118447"
"tt1595859";"Blue Bloods";"2010";"7,5";"23481"
"tt1600194";"Hawaii Five-0";"2010";"7,4";"52668"
"tt2191671";"Elementary";"2012";"7,9";"81641"
"tt3501074";"Madam Secretary";"2014";"7,6";"13258"
"tt3560084";"NCIS: New Orleans";"2014";"6,8";"9281"
"tt3514324";"Scorpion";"2014";"7,2";"35078"
"tt4452630";"Code Black";"2015";"7,8";"6227"
"tt3250026";"Zoo";"2015";"7,0";"14146"
"tt5827228";"Bull";"2016";"6,9";"6384"
"tt1399045";"MacGyver";"2016";"4,9";"9160"
"tt0898266";"The Big Bang Theory";"2007";"8,3";"568763"
"tt2660806";"Mom";"2013";"7,1";"17324"
"tt4384086";"Life in Pieces";"2015";"7,8";"6358"
"tt5462720";"Kevin Can Wait";"2016";"6,0";"4637"
"tt5536400";"Man with a Plan";"2016";"6,7";"2957"
"tt5462364";"Superior Donuts";"2017";"6,6";"1258"
"tt1612578";"$#*! My Dad Says";"2010";"6,3";"4569"
"tt1845307";"2 Broke Girls";"2011";"6,8";"77141"
"tt1441096";"Accidentally on Purpose";"2009";"6,3";"6037"
"tt4424726";"Angel from Hell";"2016";"6,2";"2225"
"tt0307719";"Baby Bob";"2002";"4,0";"112"
"tt2714046";"Bad Teacher";"2014";"5,3";"2364"
"tt0247079";"Bette";"2000";"6,7";"538"
"tt0410967";"Center of the Universe";"2004";"5,2";"96"
"tt0338588";"Charlie Lawrence";"2003";"5,6";"12"
"tt0484082";"The Class";"2006";"7,8";"4238"
"tt0463811";"Courting Alex";"2006";"5,4";"303"
"tt2710104";"The Crazy Ones";"2013";"7,1";"10964"
"tt0285358";"The Ellen Show";"2001";"6,2";"1187"
"tt2742174";"Friends with Better Lives";"2014";"7,1";"5553"
"tt1229401";"Gary Unmarried";"2008";"6,8";"5282"
"tt5485566";"The Great Indoors";"2016";"6,2";"2279"
"tt0460649";"How I Met Your Mother";"2005";"8,4";"483010"
"tt1839497";"How to Be a Gentleman";"2011";"4,7";"1682"
"tt0411007";"Listen Up";"2004";"6,0";"342"
"tt0457046";"Love Monkey";"2006";"7,9";"745"
"tt1684910";"Mad Love";"2011";"6,7";"3895"
"tt3434378";"The McCarthys";"2014";"6,3";"1439"
"tt1608180";"Mike & Molly";"2010";"6,4";"18779"
"tt2737290";"The Millers";"2013";"6,0";"4964"
"tt0340256";"My Big Fat Greek Life";"2003";"4,5";"836"
"tt0462128";"The New Adventures of Old Christine";"2006";"7,1";"10167"
"tt3595776";"The Odd Couple";"2015";"6,4";"6837"
"tt0460666";"Out of Practice";"2005";"7,6";"990"
"tt2248977";"Partners";"2012";"6,3";"3771"
"tt1840429";"Rob";"2012";"5,7";"1891"
"tt0790772";"Rules of Engagement";"2007";"7,3";"27804"
"tt4085584";"Rush Hour";"2016";"5,8";"2888"
"tt0259144";"Some of My Best Friends";"2001";"7,3";"108"
"tt0320970";"Still Standing";"2002";"7,6";"6288"
"tt0369179";"Two and a Half Men";"2003";"7,1";"208311"
"tt2372182";"We Are Men";"2013";"5,6";"1173"
"tt1197632";"Worst Week";"2008";"7,6";"2319"
"tt0247144";"Yes, Dear";"2000";"7,0";"5405"
"tt0775558";"3 lbs.";"2006";"6,9";"391"
"tt0285332";"The Agency";"2001";"7,4";"513"
"tt5257744";"American Gothic";"2016";"6,8";"3217"
"tt3215364";"Battle Creek";"2015";"7,4";"6952"
"tt0277471";"Big Apple";"2001";"7,6";"93"
"tt4877736";"BrainDead";"2016";"8,1";"7458"
"tt0367298";"The Brotherhood of Poland, New Hampshire";"2003";"6,6";"65"
"tt0955250";"Cane";"2007";"7,2";"1134"
"tt0377153";"Century City";"2004";"6,5";"186"
"tt1591468";"Chaos";"2011";"7,1";"2369"
"tt0284961";"Citizen Baines";"2000";"6,0";"39"
"tt0204765";"City of Angels";"2000";"7,5";"95"
"tt0460631";"Close to Home";"2005";"6,9";"1100"
"tt0410970";"Clubhouse";"2004";"7,6";"526"
"tt0368479";"Cold Case";"2003";"7,6";"20147"
"tt4364202";"Criminal Minds: Beyond Borders";"2016";"6,1";"3214"
"tt1703874";"Criminal Minds: Suspect Behavior";"2011";"6,4";"4130"
"tt3560060";"CSI: Cyber";"2015";"5,4";"8514"
"tt0313043";"CSI: Miami";"2002";"6,4";"45954"
"tt0395843";"CSI: NY";"2004";"7,0";"38188"
"tt4447390";"Doubt";"2017";"5,5";"921"
"tt0410978";"Dr. Vegas";"2004";"5,2";"156"
"tt0285356";"The Education of Max Bickford";"2001";"7,1";"208"
"tt1118697";"Eleventh Hour";"2008";"7,3";"3633"
"tt1196947";"The Ex List";"2008";"6,2";"892"
"tt3155320";"Extant";"2014";"6,6";"21091"
"tt0297560";"First Monday";"2002";"7,4";"114"
"tt1059475";"Flashpoint";"2008";"7,8";"14774"
"tt0247097";"The Fugitive";"2000";"7,2";"531"
"tt0460644";"Ghost Whisperer";"2005";"6,4";"37867"
"tt1820742";"A Gifted Man";"2011";"7,0";"6787"
"tt2229167";"Golden Boy";"2013";"7,3";"3508"
"tt1442462";"The Good Wife";"2009";"8,3";"54491"
"tt0285370";"The Guardian";"2001";"7,4";"3840"
"tt0320022";"Hack";"2002";"7,3";"713"
"tt1232320";"Harper's Island";"2009";"7,5";"22167"
"tt2647258";"Hostages";"2013";"6,8";"8727"
"tt2693776";"Intelligence";"2014";"7,0";"17010"
"tt0805663";"Jericho";"2006";"8,0";"49237"
"tt0367345";"Joan of Arcadia";"2003";"7,0";"8190"
"tt4422836";"Limitless";"2015";"7,8";"44770"
"tt2191613";"Made in Jersey";"2012";"5,7";"981"
"tt1196946";"The Mentalist";"2008";"8,1";"138842"
"tt1406662";"Miami Medical";"2010";"7,3";"1061"
"tt0955346";"Moonlight";"2007";"7,7";"21806"
"tt0433309";"Numb3rs";"2005";"6,9";"34649"
"tt1825122";"NYC 22";"2012";"6,7";"1404"
"tt1839578";"Person of Interest";"2011";"8,5";"137165"
"tt0315047";"Presidio Med";"2002";"6,3";"47"
"tt5500906";"Pure Genius";"2016";"7,4";"3514"
"tt0318005";"Queens Supreme";"2003";"7,4";"99"
"tt2734804";"Reckless";"2014";"7,2";"2887"
"tt0315686";"Robbery Homicide Division";"2002";"8,0";"293"
"tt0805666";"Shark";"2006";"7,1";"10452"
"tt0805667";"Smith";"2006";"8,0";"1690"
"tt3560094";"Stalker";"2014";"7,6";"15109"
"tt4016454";"Supergirl";"2015";"6,6";"67700"
"tt0928173";"Swingtown";"2008";"7,7";"2366"
"tt0247136";"That's Life";"2000";"7,5";"327"
"tt1440346";"Three Rivers";"2009";"7,1";"1157"
"tt0460686";"Threshold";"2005";"7,4";"4702"
"tt4946972";"Training Day";"2017";"5,9";"2350"
"tt1842530";"Unforgettable";"2011";"6,7";"13402"
"tt0460690";"The Unit";"2006";"8,1";"17407"
"tt1553656";"Under the Dome";"2013";"6,7";"88945"
"tt2262383";"Vegas";"2012";"7,3";"6675"
"tt0878801";"Viva Laughlin";"2007";"3,3";"498"
"tt0321021";"Without a Trace";"2002";"6,9";"15377"
"tt0281524";"Wolf Lake";"2001";"7,7";"1084"
"tt0759097";"Creature Comforts America";"2007";"8,1";"350"
